"Berth_Type","Berth_Name","Port_Country","Vessel_Class","Estimated_Quantity","Vessel_Imo","Arrival_Time","Departure_Time","Vessel_Destination_On_Departure","Vessel_Name","Maps_Der","Vessel_Capacity","Eta_For_Next_Destination_Change","Berth_Name_clean","Vessel_Destination_clean","n_viajes","vol_total","pct_vol","pct_acum"
"Imports","Kagoshima 5","Japan","Tanker-VLCC",332734,9513402,46235,46237,"Kiire","KAZUSA","IMO 9513402",339525,NA,"Kagoshima","Kiire",5,1464429,0.0118566430056944,0.392486929957572
"Imports","Dongjiakou","China","Tanker-VLCC",329276,9197894,46225,46237,"DJK","RAPHAELA","IMO 9197894",335996,NA,"Dongjiakou","Djk",6,1550627,0.0125545388502897,0.368220382679744
"Exports","George Town","Guyana","Tanker-Suezmax",164038,9843340,46235,46237,"ONE GUYANA","YUAN NAN HAI","IMO 9843340",167386,NA,"George Town","One Guyana",12,2127689,0.017226679408932,0.209282842187992
"Exports","Muscat 2","Oman","Tanker-VLCC",333886,9689976,46235,46237,"OMAN","NEW DREAM","IMO 9689976",340700,NA,"Muscat","Oman",8,2453421,0.0198639448820487,0.0994153108315211
"Imports","Europoort 15","Netherlands","Tanker-LR2",121520,9947366,46236,46237,"Rotterdam","NAVIG8 PRIDE LHJ","IMO 9947366",124000,NA,"Europoort","Rotterdam",25,3721971,0.0301346677951251,0.0301346677951251
"Exports","CPC Ceyhan","Turkey","Tanker-Aframax",112125,9336397,46236,46237,"Genova","LILLESAND","IMO 9336397",114413,NA,"Ceyhan","Genova",9,1144802,0.00926880622154091,0.462039062395822
"Exports","Westridge_Alberta","Canada","Tanker-Aframax",118644,9408310,46235,46237,"Vancouver (CA)","SEA VOYAGER","IMO 9408310",121065,NA,"Westridge Alberta","Vancouver",14,1601455,0.0129660640595647,0.355665843829454
"Imports","Yeosu 3","South Korea","Tanker-VLCC",318674,9845221,46236,46237,"Yosu","V. ADVANCE","IMO 9845221",325178,NA,"Yeosu","Yosu",7,2054393,0.0166332436699884,0.225916085857981
"Imports","Punto Franco 1","Italy","Tanker-Suezmax",166300,9565948,46236,46237,"Trieste","SPYROS K","IMO 9565948",169694,NA,"Punto Franco","Trieste",18,2401607,0.0194444365954079,0.118859747426929
"Imports","Universal 1","Singapore","Tanker-Suezmax",167157,9579509,46235,46237,"Singapore","ALMI GALAXY","IMO 9579509",170568,NA,"Universal","Singapore",8,1159542,0.00938814756065938,0.452770256174281
"Exports","Muscat 1","Oman","Tanker-VLCC",322045,9723124,46234,46237,"VNTHO","HERCULES I","IMO 9723124",328617,NA,"Muscat","Vntho",8,2453421,0.0198639448820487,0.0994153108315211
"Imports","Europoort 11","Netherlands","Tanker-LR2",122381,9997957,46235,46237,"Rotterdam","SEASCOUT","IMO 9997957",124879,NA,"Europoort","Rotterdam",25,3721971,0.0301346677951251,0.0301346677951251
"Imports","Dongjiakou","China","Tanker-VLCC",330366,9162887,46233,46237,"CNDOO","HEGAYA","IMO 9162887",337108,NA,"Dongjiakou","Cndoo",6,1550627,0.0125545388502897,0.368220382679744
"Exports","George Town","Guyana","Tanker-Suezmax",162409,9935650,46232,46237,"Georgetown (GY)","SEA CORAL","IMO 9935650",165723,NA,"George Town","Georgetown",12,2127689,0.017226679408932,0.209282842187992
"Imports","Richmond 1","United States of America","Tanker-Suezmax",163566,9984869,46236,46237,"San Francisco","ORION","IMO 9984869",166904,NA,"Richmond","San Francisco",7,1014867,0.00821679693399955,0.496704288524544
"Exports","Gebig","Brazil","Tanker-VLCC",316774,9740342,46236,46237,"Angra dos Reis","HORTEN","IMO 9740342",323239,NA,"Gebig","Angra Dos Reis",10,2274339,0.0184140204796053,0.155707624633144
"Imports","Punto Franco 2","Italy","Tanker-LR2",122567,9825477,46236,46237,"Trieste","IDASSA","IMO 9825477",125068,NA,"Punto Franco","Trieste",18,2401607,0.0194444365954079,0.118859747426929
"Imports","Mumbai 3","India","Tanker-Suezmax",169948,9633458,46236,46237,"Jawahar Dweep_deleted","ODESSA","IMO 9633458",173416,NA,"Mumbai","Jawahar Dweep Deleted",12,1717300,0.0139039946857642,0.315863661248006
"Exports","Acu Superport","Brazil","Tanker-VLCC",329091,9629378,46236,46237,"BRACX","SEA CALM","IMO 9629378",335807,NA,"Acu","Bracx",6,1294661,0.0104821287275759,0.424189891922977
"Exports","Fujairah 15","United Arab Emirates","Tanker-Suezmax",164091,9406659,46236,46237,"AE FJR F.O","SESTREA","IMO 9406659",167440,NA,"Fujairah","Ae Fjr F.o",12,2859728,0.0231535799887795,0.0795513659494724
"Imports","Universal 2","Singapore","Tanker-LR2",115563,9231468,46235,46237,"Singapore","GOLD TIDE","IMO 9231468",117921,NA,"Universal","Singapore",8,1159542,0.00938814756065938,0.452770256174281
"Imports","Europoort 8","Netherlands","Tanker-Suezmax",162960,9772943,46236,46237,"Rotterdam","SEA GARNET","IMO 9772943",166286,NA,"Europoort","Rotterdam",25,3721971,0.0301346677951251,0.0301346677951251
"Exports","Es Sider","Libya","Tanker-Aframax",120568,9417311,46236,46237,"LBESI","VALLESINA","IMO 9417311",123029,NA,"Es Sider","Lbesi",8,1017362,0.00823699752023433,0.488487491590544
"Imports","Chiba 12","Japan","Tanker-VLCC",319440,9788887,46235,46237,"Singapore","GULF SUNRISE","IMO 9788887",325959,NA,"Chiba","Singapore",7,2276789,0.0184338567266094,0.137293604153538
"Imports","Oiltanking Helios 4","Singapore","Tanker-VLCC",323585,9343390,46236,46237,"Singapore","TENJUN","IMO 9343390",330189,NA,"Oiltanking Helios","Singapore",7,1973973,0.0159821289826134,0.258429848347358
"Imports","Paradip VLCC","India","Tanker-VLCC",332396,9291286,46236,46237,"FOR ORDER","FLORA","IMO 9291286",339180,NA,"Paradip Vlcc","For Order",6,1173418,0.00950049358654867,0.443382108613621
"Imports","Maasvlakte","Netherlands","Tanker-VLCC",332369,9813448,46236,46237,"Rotterdam","DHT STALLION","IMO 9813448",339152,NA,"Maasvlakte","Rotterdam",7,1755348,0.014212047553524,0.301959666562242
"Imports","Chiba 12","Japan","Tanker-VLCC",330015,9916185,46235,46237,"XX","NAVE CELESTE","IMO 9916185",336750,NA,"Chiba","Xx",7,2276789,0.0184338567266094,0.137293604153538
"Exports","Gebig","Brazil","Tanker-VLCC",318794,9852121,46236,46237,"Angra dos Reis","SEA JADE","IMO 9852121",325300,NA,"Gebig","Angra Dos Reis",10,2274339,0.0184140204796053,0.155707624633144
"Exports","Es Sider","Libya","Tanker-LR2",121206,9440538,46236,46237,"Agioi Theodoroi","KRITI JOURNEY","IMO 9440538",123680,NA,"Es Sider","Agioi Theodoroi",8,1017362,0.00823699752023433,0.488487491590544
"Exports","Fujairah 5","United Arab Emirates","Tanker-VLCC",327674,9346952,46235,46237,"Yosu","ASHOKA","IMO 9346952",334361,NA,"Fujairah","Yosu",12,2859728,0.0231535799887795,0.0795513659494724
"Imports","Huizhou 1","China","Tanker-VLCC",318109,9473389,46235,46237,"Hui Zhou","XIN AN YANG","IMO 9473389",324601,NA,"Huizhou","Hui Zhou",12,1710901,0.0138521856471604,0.329715846895166
"Imports","Ningbo 6","China","Tanker-VLCC",317755,9389760,46234,46237,"OPL","XIN RUN YANG","IMO 9389760",324240,46237,"Ningbo","Opl",7,1532763,0.0124099042721341,0.380630286951878
"Imports","Punto Franco 2","Italy","Tanker-Aframax",118643,9398266,46236,46237,"Trieste","KRITI LEGEND","IMO 9398266",121064,NA,"Punto Franco","Trieste",18,2401607,0.0194444365954079,0.118859747426929
"Exports","CPC Ceyhan","Turkey","Tanker-Suezmax",163562,9422366,46234,46236,"Suez","COMPASS","IMO 9422366",166900,NA,"Ceyhan","Suez",9,1144802,0.00926880622154091,0.462039062395822
"Imports","Punto Franco 1","Italy","Tanker-Aframax",118644,9422196,46235,46236,"Skikda","EAGLE KINABALU","IMO 9422196",121065,46209,"Punto Franco","Skikda",18,2401607,0.0194444365954079,0.118859747426929
"Exports","Acu Superport","Brazil","Tanker-VLCC",315723,9933602,46229,46236,"CNQIN","EAGLE VELLORE","IMO 9933602",322166,NA,"Acu","Cnqin",6,1294661,0.0104821287275759,0.424189891922977
"Imports","Punto Franco 1","Italy","Tanker-Suezmax",162923,9907653,46234,46236,"Trieste","SEAVOYAGER","IMO 9907653",166248,46239,"Punto Franco","Trieste",18,2401607,0.0194444365954079,0.118859747426929
"Exports","CPC Ceyhan","Turkey","Tanker-Aframax",96726,9460576,46235,46236,"Sarroch","SAFEEN BARONESS","IMO 9460576",98700,NA,"Ceyhan","Sarroch",9,1144802,0.00926880622154091,0.462039062395822
"Imports","Huizhou 4","China","Tanker-Panamax",69673,9846029,46235,46236,"Wenzhou","YUAN AN HU","IMO 9846029",71095,NA,"Huizhou","Wenzhou",12,1710901,0.0138521856471604,0.329715846895166
"Imports","Tianjin oil","China","Tanker-LR1",77956,9295074,46234,46236,"Dalian","YONG XING ZHOU","IMO 9295074",79547,46237,"Tianjin Oil","Dalian",5,1138241,0.00921568556170669,0.471254747957528
"Exports","George Town","Guyana","Tanker-Suezmax",164616,9402926,46234,46236,"GUIANA","MARAN POSEIDON","IMO 9402926",167976,46244,"George Town","Guiana",12,2127689,0.017226679408932,0.209282842187992
"Imports","Oiltanking Helios 4","Singapore","Tanker-Suezmax",165226,9814430,46235,46236,"Singapore","SATURN MOON","IMO 9814430",168598,46236,"Oiltanking Helios","Singapore",7,1973973,0.0159821289826134,0.258429848347358
"Imports","Kawasaki 1","Japan","Tanker-VLCC",329476,9829643,46235,46236,"Tokyo","BAYRAQ","IMO 9829643",336200,46248,"Kawasaki","Tokyo",6,1778704,0.0144011477106781,0.287747619008718
"Exports","Corpus Christi 7","United States of America","Tanker-Aframax",121657,9453987,46234,46236,"CCLZ","EAGLE HALIFAX","IMO 9453987",124140,NA,"Corpus Christi","Cclz",15,2220931,0.0179816064877709,0.19205616277906
"Imports","Europoort 8","Netherlands","Tanker-Aframax",124552,9773040,46234,46236,"Corpus Christi","VICTORY VENTURE","IMO 9773040",127094,46253,"Europoort","Corpus Christi",25,3721971,0.0301346677951251,0.0301346677951251
"Imports","Europoort 13","Netherlands","Tanker-Suezmax",163338,9530618,46235,46236,"Rotterdam","OTTOMAN INTEGRITY","IMO 9530618",166671,NA,"Europoort","Rotterdam",25,3721971,0.0301346677951251,0.0301346677951251
"Imports","Mumbai 3","India","Tanker-Aframax",113259,9337418,46234,46236,"Suez","ATMOS","IMO 9337418",115570,NA,"Mumbai","Suez",12,1717300,0.0139039946857642,0.315863661248006
"Imports","Gwangyang 2","South Korea","Tanker-VLCC",318674,9845221,46235,46236,"Yosu","V. ADVANCE","IMO 9845221",325178,NA,"Gwangyang","Yosu",7,2041843,0.0165316335067634,0.242447719364744
"Imports","Taesan 2","South Korea","Tanker-LR2",112290,9656890,46235,46236,"COVAN","P. LONG BEACH","IMO 9656890",114582,NA,"Taesan","Covan",5,1197037,0.00969172310409543,0.433881615027073
"Exports","Fujairah 15","United Arab Emirates","Tanker-Suezmax",165197,9761360,46235,46236,"Bataan","MARAN HERCULES","IMO 9761360",168568,NA,"Fujairah","Bataan",12,2859728,0.0231535799887795,0.0795513659494724
"Exports","Mongstad 2","Norway","Tanker-Aframax",117234,9773739,46234,46236,"WHAFFEN HEAD","UNITY VENTURE","IMO 9773739",119627,NA,"Mongstad","Whaffen Head",9,1111076,0.00899574611278176,0.48025049407031
"Exports","Gebig","Brazil","Tanker-VLCC",334369,1029869,46233,46236,"Angra dos Reis","ATREBATES","IMO 1029869",341193,46265,"Gebig","Angra Dos Reis",10,2274339,0.0184140204796053,0.155707624633144
"Exports","Westridge_Alberta","Canada","Tanker-Aframax",120569,9417323,46234,46236,"Vancouver (CA)","WHISTLER SPIRIT","IMO 9417323",123030,46233,"Westridge Alberta","Vancouver",14,1601455,0.0129660640595647,0.355665843829454
"Exports","Es Sider","Libya","Tanker-Suezmax",160720,9920693,46234,46235,"Sidi Kerir","SEA AMETHYST","IMO 9920693",164000,NA,"Es Sider","Sidi Kerir",8,1017362,0.00823699752023433,0.488487491590544
"Exports","George Town","Guyana","Tanker-Suezmax",164150,9418602,46231,46235,"Galveston","MOSCOW SPIRIT","IMO 9418602",167500,NA,"George Town","Galveston",12,2127689,0.017226679408932,0.209282842187992
"Imports","Ulsan","South Korea","Tanker-VLCC",331974,9831218,46233,46235,"Singapore","IRINI N. LEMOS","IMO 9831218",338749,NA,"Ulsan","Singapore",7,2268523,0.0183669316581458,0.17407455629129
"Imports","Jamnagar Terminal 2","India","Tanker-VLCC",327334,9397145,46234,46235,"Port Louis","ATLANTIC PIONEER","IMO 9397145",334014,NA,"Jamnagar Terminal","Port Louis",17,3243791,0.0262631181655678,0.056397785960693
"Imports","Europoort 2","Netherlands","Tanker-Suezmax",170483,9298765,46234,46235,"Skagen","NAUTILUS I","IMO 9298765",173962,NA,"Europoort","Skagen",25,3721971,0.0301346677951251,0.0301346677951251
"Exports","Basra Oil Terminal SPM 3","Iraq","Tanker-VLCC",318304,9414931,46232,46235,"BAS_IRAQ","TANZANIA PROSPERITY","IMO 9414931",324800,46231,"Basra","Bas Iraq",4,1299470,0.0105210644466954,0.413707763195401
"Imports","Qingdao 4","China","Tanker-Aframax",115577,9487184,46234,46235,"DJK","YU FU ZUO","IMO 9487184",117936,46234,"Qingdao","Djk",6,1321542,0.0106997687911338,0.403186698748706
"Exports","Westridge_Alberta","Canada","Tanker-LR1",78655,9390161,46233,46235,"Ferndale","JAG AANCHAL","IMO 9390161",80260,NA,"Westridge Alberta","Ferndale",14,1601455,0.0129660640595647,0.355665843829454
"Imports","Huizhou 4","China","Tanker-LR1",78800,9435583,46234,46235,"Hui Zhou","LING YANG ZUO","IMO 9435583",80408,NA,"Huizhou","Hui Zhou",12,1710901,0.0138521856471604,0.329715846895166
"Imports","Oiltanking Helios 4","Singapore","Tanker-VLCC",342407,1050624,46230,46235,"Singapore","MORINI","IMO 1050624",349395,NA,"Oiltanking Helios","Singapore",7,1973973,0.0159821289826134,0.258429848347358
"Exports","Es Sider","Libya","Tanker-LR2",124707,1024974,46234,46235,"Aliaga","KALYMNOS I","IMO 1024974",127252,NA,"Es Sider","Aliaga",8,1017362,0.00823699752023433,0.488487491590544
"Imports","Europoort 7","Netherlands","Tanker-Suezmax",164616,9402902,46234,46235,"Fawley","MARAN PYTHIA","IMO 9402902",167976,NA,"Europoort","Fawley",25,3721971,0.0301346677951251,0.0301346677951251
"Exports","Corpus Christi 6","United States of America","Tanker-VLCC",326475,9419474,46235,46235,"STS AREA","APOLYTARES","IMO 9419474",333138,NA,"Corpus Christi","Sts Area",15,2220931,0.0179816064877709,0.19205616277906
"Imports","Tianjin oil","China","Tanker-VLCC",332734,9562697,46234,46235,"Rizhao","GASSAN","IMO 9562697",339525,NA,"Tianjin Oil","Rizhao",5,1138241,0.00921568556170669,0.471254747957528
"Exports","Mongstad 1","Norway","Tanker-Aframax",117208,9823041,46234,46235,"Rotterdam","ALFA FINLANDIA","IMO 9823041",119600,NA,"Mongstad","Rotterdam",9,1111076,0.00899574611278176,0.48025049407031
"Imports","Jamnagar Terminal 2","India","Tanker-VLCC",333629,9610298,46233,46235,"Sikka","DESH VIBHOR","IMO 9610298",340438,NA,"Jamnagar Terminal","Sikka",17,3243791,0.0262631181655678,0.056397785960693
"Exports","CPC Ceyhan","Turkey","Tanker-LR2",121150,9903126,46234,46235,"Bizerte","AMADES","IMO 9903126",123622,NA,"Ceyhan","Bizerte",9,1144802,0.00926880622154091,0.462039062395822
"Imports","Kagoshima 5","Japan","Tanker-VLCC",336736,9662887,46234,46235,"Mizushima","ENEOS SPIRIT","IMO 9662887",343608,NA,"Kagoshima","Mizushima",5,1464429,0.0118566430056944,0.392486929957572
"Imports","Paradip VLCC","India","Tanker-Suezmax",170468,9227443,46234,46235,"Suez","ARLAN","IMO 9227443",173947,NA,"Paradip Vlcc","Suez",6,1173418,0.00950049358654867,0.443382108613621
"Exports","Acu Superport","Brazil","Tanker-Suezmax",164038,9843338,46232,46235,"Milazzo","YUAN DONG HAI","IMO 9843338",167386,NA,"Acu","Milazzo",6,1294661,0.0104821287275759,0.424189891922977
"Imports","Europoort 8","Netherlands","Tanker-Suezmax",165197,9761346,46232,46234,"Rotterdam","MARAN HERMES","IMO 9761346",168568,46234,"Europoort","Rotterdam",25,3721971,0.0301346677951251,0.0301346677951251
"Imports","Oiltanking Helios 3","Singapore","Tanker-VLCC",334699,9480837,46231,46234,"Singapore","EUROSPIRIT","IMO 9480837",341530,NA,"Oiltanking Helios","Singapore",7,1973973,0.0159821289826134,0.258429848347358
"Imports","Richmond 1","United States of America","Tanker-LR2",122919,9993896,46232,46234,"USRCH","NAVE PERSEUS","IMO 9993896",125428,NA,"Richmond","Usrch",7,1014867,0.00821679693399955,0.496704288524544
"Imports","Huizhou 1","China","Tanker-VLCC",318108,9389784,46232,46234,"Singapore","XIN HAN YANG","IMO 9389784",324600,NA,"Huizhou","Singapore",12,1710901,0.0138521856471604,0.329715846895166
"Imports","Yeosu 3","South Korea","Tanker-VLCC",318667,9849863,46232,46234,"Yosu","V. PROSPERITY","IMO 9849863",325170,46251,"Yeosu","Yosu",7,2054393,0.0166332436699884,0.225916085857981
"Imports","Zhoushan 7","China","Tanker-VLCC",327810,9416654,46232,46234,"Singapore","XIN SHEN YANG","IMO 9416654",334500,NA,"Zhoushan","Singapore",7,1842371,0.0149166229506819,0.27334647129804
"Imports","Richmond 1","United States of America","Tanker-Suezmax",161207,9878890,46232,46234,"Puerto Armuelles","APOLLO VOYAGER","IMO 9878890",164497,NA,"Richmond","Puerto Armuelles",7,1014867,0.00821679693399955,0.496704288524544
"Imports","Corpus Christi 16","United States of America","Tanker-LR2",131876,9305611,46234,46234,"GBPTL_USCRP","PROMITHEAS","IMO 9305611",134567,46252,"Corpus Christi","Gbptl Uscrp",15,2220931,0.0179816064877709,0.19205616277906
"Imports","Gwangyang 2","South Korea","Tanker-VLCC",319853,9931343,46233,46234,"Yosu","G.HOPE","IMO 9931343",326381,NA,"Gwangyang","Yosu",7,2041843,0.0165316335067634,0.242447719364744
"Imports","Punto Franco 2","Italy","Tanker-LR2",123086,9696694,46233,46234,"Gibraltar","STI ALEXIS","IMO 9696694",125598,NA,"Punto Franco","Gibraltar",18,2401607,0.0194444365954079,0.118859747426929
"Imports","Universal 1","Singapore","Tanker-Suezmax",163209,9907225,46231,46234,"Singapore","ORIENT M","IMO 9907225",166540,46239,"Universal","Singapore",8,1159542,0.00938814756065938,0.452770256174281
"Imports","Europoort 7","Netherlands","Tanker-Suezmax",170263,9315173,46233,46234,"Rotterdam","ARCTIC","IMO 9315173",173738,NA,"Europoort","Rotterdam",25,3721971,0.0301346677951251,0.0301346677951251
"Imports","Dalian 10","China","Tanker-VLCC",325546,9681209,46233,46234,"Singapore","YUAN CHUN HU","IMO 9681209",332190,NA,"Dalian","Singapore",10,1603662,0.0129839328747231,0.342699779769889
"Exports","Westridge_Alberta","Canada","Tanker-Aframax",121314,9986817,46232,46234,"ZS CN","NEW AMITY","IMO 9986817",123790,NA,"Westridge Alberta","Zs Cn",14,1601455,0.0129660640595647,0.355665843829454
"Imports","Jamnagar Terminal 2","India","Tanker-Aframax",112125,9384992,46233,46234,"Sikka","MARS 6","IMO 9384992",114413,46232,"Jamnagar Terminal","Sikka",17,3243791,0.0262631181655678,0.056397785960693
"Exports","Fujairah 5","United Arab Emirates","Tanker-LR2",123744,9419357,46233,46234,"Karachi","IASONAS","IMO 9419357",126269,NA,"Fujairah","Karachi",12,2859728,0.0231535799887795,0.0795513659494724
"Imports","Zhoushan 6","China","Tanker-Suezmax",159324,9742895,46231,46234,"Singapore","NORDIC GALAXY","IMO 9742895",162576,NA,"Zhoushan","Singapore",7,1842371,0.0149166229506819,0.27334647129804
"Imports","Dalian 4","China","Tanker-Panamax",78791,9344837,46233,46234,"PAN JIN","LIAN SHENG HU","IMO 9344837",80399,NA,"Dalian","Pan Jin",10,1603662,0.0129839328747231,0.342699779769889
"Exports","Muscat 1","Oman","Tanker-VLCC",320094,9503237,46232,46234,"Duqm","SAMAIL","IMO 9503237",326627,NA,"Muscat","Duqm",8,2453421,0.0198639448820487,0.0994153108315211
"Imports","Kawasaki 1","Japan","Tanker-VLCC",332172,9794018,46233,46234,"Sendai","MIRACLE HOPE","IMO 9794018",338951,NA,"Kawasaki","Sendai",6,1778704,0.0144011477106781,0.287747619008718
"Imports","Dongjiakou","China","Tanker-VLCC",323962,9184392,46232,46234,"HIGH SEA","MARITIME JEWEL","IMO 9184392",330573,NA,"Dongjiakou","High Sea",6,1550627,0.0125545388502897,0.368220382679744
"Imports","Huizhou 4","China","Tanker-Panamax",78790,9303699,46232,46234,"Zhoushan","JIN NIU ZUO","IMO 9303699",80398,NA,"Huizhou","Zhoushan",12,1710901,0.0138521856471604,0.329715846895166
"Exports","Gebig","Brazil","Tanker-VLCC",315723,9933626,46230,46234,"CNQDG","EAGLE VERACRUZ","IMO 9933626",322166,NA,"Gebig","Cnqdg",10,2274339,0.0184140204796053,0.155707624633144
"Imports","Punto Franco 1","Italy","Tanker-Aframax",121657,9453999,46233,46234,"Gibraltar","EAGLE HYDRA","IMO 9453999",124140,NA,"Punto Franco","Gibraltar",18,2401607,0.0194444365954079,0.118859747426929
"Exports","Mongstad 2","Norway","Tanker-Aframax",122567,9728423,46233,46234,"Gdansk","CSK VANGUARD","IMO 9728423",125068,46238,"Mongstad","Gdansk",9,1111076,0.00899574611278176,0.48025049407031
"Exports","Corpus Christi 5","United States of America","Tanker-Suezmax",161840,9829801,46232,46233,"Quebec","CAP PORT ARTHUR","IMO 9829801",165143,NA,"Corpus Christi","Quebec",15,2220931,0.0179816064877709,0.19205616277906
"Imports","Jamnagar Terminal 2","India","Tanker-LR2",120246,9368235,46232,46233,"Suez","NEVAH","IMO 9368235",122700,NA,"Jamnagar Terminal","Suez",17,3243791,0.0262631181655678,0.056397785960693
"Exports","Mongstad 1","Norway","Tanker-Aframax",122567,9728423,46233,46233,"PLGDN_NOMON","CSK VANGUARD","IMO 9728423",125068,NA,"Mongstad","Plgdn Nomon",9,1111076,0.00899574611278176,0.48025049407031
"Imports","Zhoushan 1","China","Tanker-VLCC",294000,9614050,46231,46233,"Singapore","XIN LIAN YANG","IMO 9614050",3e+05,NA,"Zhoushan","Singapore",7,1842371,0.0149166229506819,0.27334647129804
"Exports","Corpus Christi 6","United States of America","Tanker-LR2",122766,9692832,46232,46233,"Ashkelon","CAPTAIN JOHN","IMO 9692832",125271,46257,"Corpus Christi","Ashkelon",15,2220931,0.0179816064877709,0.19205616277906
"Imports","Europoort 7","Netherlands","Tanker-LR2",123516,9759800,46231,46233,"Houston","SEARANGER","IMO 9759800",126037,NA,"Europoort","Houston",25,3721971,0.0301346677951251,0.0301346677951251
"Imports","Kawasaki S","Japan","Tanker-VLCC",332172,9794018,46233,46233,"Tokyo","MIRACLE HOPE","IMO 9794018",338951,NA,"Kawasaki","Tokyo",6,1778704,0.0144011477106781,0.287747619008718
"Imports","Mumbai 4","India","Tanker-Aframax",117208,9343338,46231,46233,"Fujairah","ALJALAA","IMO 9343338",119600,NA,"Mumbai","Fujairah",12,1717300,0.0139039946857642,0.315863661248006
"Imports","Europoort 13","Netherlands","Tanker-LR2",123147,9893216,46231,46233,"Istanbul","ON PRECIOUS","IMO 9893216",125660,46238,"Europoort","Istanbul",25,3721971,0.0301346677951251,0.0301346677951251
"Exports","George Town","Guyana","Tanker-Suezmax",159324,9742912,46230,46233,"ONE GUYANA","SILVERWAY","IMO 9742912",162576,46230,"George Town","One Guyana",12,2127689,0.017226679408932,0.209282842187992
"Imports","Ulsan S","South Korea","Tanker-VLCC",318167,9398058,46231,46233,"PANAMA","NEW PROSPECT","IMO 9398058",324660,NA,"Ulsan","Panama",7,2268523,0.0183669316581458,0.17407455629129
"Imports","Dalian 4","China","Tanker-LR1",77956,9295074,46231,46233,"Tianjin","YONG XING ZHOU","IMO 9295074",79547,NA,"Dalian","Tianjin",10,1603662,0.0129839328747231,0.342699779769889
"Imports","Chiba 12","Japan","Tanker-VLCC",330099,9827360,46232,46233,"Singapore","FUJISAN MARU","IMO 9827360",336836,46242,"Chiba","Singapore",7,2276789,0.0184338567266094,0.137293604153538
"Exports","Basra Oil Terminal SPM 1","Iraq","Tanker-VLCC",328257,9418066,46230,46233,"Basrah","PERU PROSPERITY","IMO 9418066",334956,46236,"Basra","Basrah",4,1299470,0.0105210644466954,0.413707763195401
"Imports","Maasvlakte","Netherlands","Tanker-Aframax",124587,9818058,46231,46233,"Rotterdam","ASPEN","IMO 9818058",127130,NA,"Maasvlakte","Rotterdam",7,1755348,0.014212047553524,0.301959666562242
"Exports","Mongstad 1","Norway","Tanker-LR2",119844,9792840,46232,46233,"Skagen","HAIFENG","IMO 9792840",122290,46238,"Mongstad","Skagen",9,1111076,0.00899574611278176,0.48025049407031
"Imports","Ningbo 3","China","Tanker-VLCC",320764,9783693,46230,46233,"Ras Tanura","AMAD","IMO 9783693",327310,NA,"Ningbo","Ras Tanura",7,1532763,0.0124099042721341,0.380630286951878
"Imports","Maasvlakte","Netherlands","Tanker-Suezmax",163886,9868156,46231,46233,"Rotterdam","MARAN PHOEBE","IMO 9868156",167231,46245,"Maasvlakte","Rotterdam",7,1755348,0.014212047553524,0.301959666562242
"Exports","Es Sider","Libya","Tanker-Aframax",121170,9356438,46232,46233,"Genova","ALYARMOUK","IMO 9356438",123643,46237,"Es Sider","Genova",8,1017362,0.00823699752023433,0.488487491590544
"Imports","Ningbo 6","China","Tanker-Panamax",75540,9308974,46231,46233,"Jingtang (Tangshan)","LIAN AN HU","IMO 9308974",77082,NA,"Ningbo","Jingtang",7,1532763,0.0124099042721341,0.380630286951878
"Exports","George Town","Guyana","Tanker-Suezmax",160381,1030399,46228,46233,"LIZA GUYANA","AESOP","IMO 1030399",163654,46247,"George Town","Liza Guyana",12,2127689,0.017226679408932,0.209282842187992
"Exports","CPC Ceyhan","Turkey","Tanker-LR2",123079,9722596,46232,46233,"Augusta","STI JERMYN","IMO 9722596",125591,NA,"Ceyhan","Augusta",9,1144802,0.00926880622154091,0.462039062395822
"Imports","Mumbai 3","India","Tanker-Suezmax",159015,9941867,46231,46232,"Trincomalee","BREST","IMO 9941867",162260,NA,"Mumbai","Trincomalee",12,1717300,0.0139039946857642,0.315863661248006
"Imports","Jamnagar Terminal 2","India","Tanker-Aframax",121110,9346720,46231,46232,"Sikka","KIRA K","IMO 9346720",123582,NA,"Jamnagar Terminal","Sikka",17,3243791,0.0262631181655678,0.056397785960693
"Exports","CPC Ceyhan","Turkey","Tanker-Aframax",121177,9458016,46231,46232,"Savona","DELTA STAR","IMO 9458016",123650,NA,"Ceyhan","Savona",9,1144802,0.00926880622154091,0.462039062395822
"Imports","Huizhou 1","China","Tanker-VLCC",334690,9583732,46230,46232,"Singapore","ALMI HERCULES","IMO 9583732",341520,NA,"Huizhou","Singapore",12,1710901,0.0138521856471604,0.329715846895166
"Imports","Qingdao 5","China","Tanker-VLCC",322047,9783722,46229,46232,"Singapore","SEATRIUMPH","IMO 9783722",328619,NA,"Qingdao","Singapore",6,1321542,0.0106997687911338,0.403186698748706
"Imports","Europoort 2","Netherlands","Tanker-VLCC",332794,9339973,46229,46232,"Corpus Christi","UNION PEACE","IMO 9339973",339586,NA,"Europoort","Corpus Christi",25,3721971,0.0301346677951251,0.0301346677951251
"Imports","Chiba 12","Japan","Tanker-VLCC",330398,9885087,46230,46232,"Ichihara","HIKOSAN","IMO 9885087",337141,46229,"Chiba","Ichihara",7,2276789,0.0184338567266094,0.137293604153538
"Exports","Westridge_Alberta","Canada","Tanker-LR2",122189,9815604,46230,46232,"Yosu","IBERIAN SEA","IMO 9815604",124683,NA,"Westridge Alberta","Yosu",14,1601455,0.0129660640595647,0.355665843829454
"Imports","Tianjin oil","China","Tanker-LR1",76459,9295062,46230,46232,"DONG JIA KOU","GUANG XING ZHOU","IMO 9295062",78019,46237,"Tianjin Oil","Dong Jia Kou",5,1138241,0.00921568556170669,0.471254747957528
"Imports","Kagoshima 5","Japan","Tanker-VLCC",329476,9829643,46231,46232,"Tokyo","BAYRAQ","IMO 9829643",336200,46234,"Kagoshima","Tokyo",5,1464429,0.0118566430056944,0.392486929957572
"Imports","Punto Franco 1","Italy","Tanker-Aframax",111041,9329409,46230,46232,"FOR ORDER","KRITI SAMARIA","IMO 9329409",113307,46237,"Punto Franco","For Order",18,2401607,0.0194444365954079,0.118859747426929
"Imports/Exports","Corpus Christi 14","United States of America","Tanker-Suezmax",164203,9419890,46229,46232,"Galveston Offshore Lightering Area (GOLA)","ADVANTAGE SUMMER","IMO 9419890",167554,46234,"Corpus Christi","Galveston Offshore Lightering Area",15,2220931,0.0179816064877709,0.19205616277906
"Imports","Yeosu 3","South Korea","Tanker-VLCC",318108,9522178,46230,46232,"Yosu","DS VISION","IMO 9522178",324600,46261,"Yeosu","Yosu",7,2054393,0.0166332436699884,0.225916085857981
"Imports","Taesan 2","South Korea","Tanker-LR2",112290,9656890,46232,46232,"Daesan-Seosan","P. LONG BEACH","IMO 9656890",114582,NA,"Taesan","Daesan-Seosan",5,1197037,0.00969172310409543,0.433881615027073
"Exports","Muscat 2","Oman","Tanker-VLCC",330367,9452672,46230,46232,"Mina al Fahal","MESDAR","IMO 9452672",337109,NA,"Muscat","Mina Al Fahal",8,2453421,0.0198639448820487,0.0994153108315211
"Exports","Westridge_Alberta","Canada","Tanker-LR2",115578,9417165,46230,46232,"Zhoushan","REN MA ZUO","IMO 9417165",117937,NA,"Westridge Alberta","Zhoushan",14,1601455,0.0129660640595647,0.355665843829454
"Imports","Jamnagar Terminal 2","India","Tanker-VLCC",332033,9567659,46231,46232,"Sikka","OMEGA TRADER","IMO 9567659",338809,46233,"Jamnagar Terminal","Sikka",17,3243791,0.0262631181655678,0.056397785960693
"Imports","Ningbo 11","China","Tanker-LR1",80412,9277797,46229,46232,"Singapore","INTERSTELLAR","IMO 9277797",82053,46247,"Ningbo","Singapore",7,1532763,0.0124099042721341,0.380630286951878
"Imports","Gwangyang 2","South Korea","Tanker-VLCC",318667,9849863,46230,46232,"Yosu","V. PROSPERITY","IMO 9849863",325170,NA,"Gwangyang","Yosu",7,2041843,0.0165316335067634,0.242447719364744
"Imports","Punto Franco 1","Italy","Tanker-Aframax",121324,9482627,46231,46232,"Trieste","SEA JAGUAR","IMO 9482627",123800,46238,"Punto Franco","Trieste",18,2401607,0.0194444365954079,0.118859747426929
"Exports","Fujairah 5","United Arab Emirates","Tanker-Suezmax",161141,9923994,46231,46232,"Cochin","DINO","IMO 9923994",164430,NA,"Fujairah","Cochin",12,2859728,0.0231535799887795,0.0795513659494724
"Exports","George Town","Guyana","Tanker-VLCC",325546,9698771,46217,46232,"Rotterdam","COSFLYING LAKE","IMO 9698771",332190,NA,"George Town","Rotterdam",12,2127689,0.017226679408932,0.209282842187992
"Imports","Europoort 15","Netherlands","Tanker-Aframax",111492,9792046,46229,46232,"Mongstad","LANCING","IMO 9792046",113767,46234,"Europoort","Mongstad",25,3721971,0.0301346677951251,0.0301346677951251
"Imports","Europoort 8","Netherlands","Tanker-Aframax",117208,9823041,46231,46232,"Mongstad","ALFA FINLANDIA","IMO 9823041",119600,NA,"Europoort","Mongstad",25,3721971,0.0301346677951251,0.0301346677951251
"Exports","Acu Superport","Brazil","Tanker-Suezmax",165180,9575565,46230,46232,"Rotterdam","SONANGOL HUILA","IMO 9575565",168551,NA,"Acu","Rotterdam",6,1294661,0.0104821287275759,0.424189891922977
"Imports","Punto Franco 2","Italy","Tanker-Aframax",122567,9779795,46231,46232,"ITTRS_GIGIB","IONIC ANASSA","IMO 9779795",125068,46238,"Punto Franco","Ittrs Gigib",18,2401607,0.0194444365954079,0.118859747426929
"Imports","Punto Franco 1","Italy","Tanker-Suezmax",166300,9567702,46232,46232,"Constanta","EURO","IMO 9567702",169694,NA,"Punto Franco","Constanta",18,2401607,0.0194444365954079,0.118859747426929
"Imports","Mumbai 2","India","Tanker-LR1",78694,9414802,46231,46232,"Chennai","SWARNA GANGA","IMO 9414802",80300,NA,"Mumbai","Chennai",12,1717300,0.0139039946857642,0.315863661248006
"Exports","Gebig","Brazil","Tanker-Suezmax",161525,9832250,46230,46232,"Angra dos Reis","FRONT SIENA","IMO 9832250",164821,46253,"Gebig","Angra Dos Reis",10,2274339,0.0184140204796053,0.155707624633144
"Exports","Fujairah 6","United Arab Emirates","Tanker-VLCC",328255,9560766,46230,46232,"Nghi Son","KALAMOS","IMO 9560766",334954,NA,"Fujairah","Nghi Son",12,2859728,0.0231535799887795,0.0795513659494724
"Imports","Punto Franco 1","Italy","Tanker-Suezmax",163009,9645425,46230,46231,"Trieste","AEGEAN DREAM","IMO 9645425",166336,46234,"Punto Franco","Trieste",18,2401607,0.0194444365954079,0.118859747426929
"Imports","Jamnagar Terminal 2","India","Tanker-Aframax",112125,9313486,46230,46231,"Suez","NYXORA","IMO 9313486",114413,NA,"Jamnagar Terminal","Suez",17,3243791,0.0262631181655678,0.056397785960693
"Exports","Corpus Christi 7","United States of America","Tanker-Panamax",76373,9301732,46229,46231,"Colon","ENERGY","IMO 9301732",77932,NA,"Corpus Christi","Colon",15,2220931,0.0179816064877709,0.19205616277906
"Imports","Richmond 1","United States of America","Tanker-Suezmax",164049,9530890,46231,46231,"USRCH RLW 1","MARIA","IMO 9530890",167397,46240,"Richmond","Usrch Rlw",7,1014867,0.00821679693399955,0.496704288524544
"Imports","Tianjin oil","China","Tanker-VLCC",325546,9681211,46230,46231,"Singapore","YUAN YUE HU","IMO 9681211",332190,NA,"Tianjin Oil","Singapore",5,1138241,0.00921568556170669,0.471254747957528
"Exports","Es Sider","Libya","Tanker-LR2",124960,9379612,46230,46231,"Augusta","SAND","IMO 9379612",127510,NA,"Es Sider","Augusta",8,1017362,0.00823699752023433,0.488487491590544
"Imports","Ningbo 6","China","Tanker-VLCC",325424,9735737,46229,46231,"Daxian","COSRISING LAKE","IMO 9735737",332065,46231,"Ningbo","Daxian",7,1532763,0.0124099042721341,0.380630286951878
"Imports","Huizhou 2","China","Tanker-Panamax",67648,9790787,46230,46231,"LIUHUA TMNL","BEI HAI KAI TUO","IMO 9790787",69029,46236,"Huizhou","Liuhua Tmnl",12,1710901,0.0138521856471604,0.329715846895166
"Imports","Chiba 12","Japan","Tanker-VLCC",322028,9722895,46228,46231,"Singapore","DHT LION","IMO 9722895",328600,NA,"Chiba","Singapore",7,2276789,0.0184338567266094,0.137293604153538
"Exports","CPC Ceyhan","Turkey","Tanker-Aframax",124552,9773052,46230,46231,"Augusta","TENACITY VENTURE","IMO 9773052",127094,NA,"Ceyhan","Augusta",9,1144802,0.00926880622154091,0.462039062395822
"Imports","Europoort 7","Netherlands","Tanker-Suezmax",163471,9785237,46229,46231,"Rotterdam","MINERVA EVROPI","IMO 9785237",166807,46248,"Europoort","Rotterdam",25,3721971,0.0301346677951251,0.0301346677951251
"Exports","Westridge_Alberta","Canada","Tanker-LR2",118482,9946465,46229,46231,"Vancouver (CA)","HAFNIA LARVIK","IMO 9946465",120900,46250,"Westridge Alberta","Vancouver",14,1601455,0.0129660640595647,0.355665843829454
"Exports","Corpus Christi 5","United States of America","Tanker-LR2",122111,9973640,46230,46231,"Rotterdam","METRO AEGEAN","IMO 9973640",124603,NA,"Corpus Christi","Rotterdam",15,2220931,0.0179816064877709,0.19205616277906
"Imports","Huizhou 4","China","Tanker-LR2",115563,9283253,46230,46231,"Hui Zhou","LIU LIN WAN","IMO 9283253",117921,46231,"Huizhou","Hui Zhou",12,1710901,0.0138521856471604,0.329715846895166
"Imports","Paradip VLCC","India","Tanker-Suezmax",163974,9408190,46230,46231,"Suez","SAMOS","IMO 9408190",167320,NA,"Paradip Vlcc","Suez",6,1173418,0.00950049358654867,0.443382108613621
"Imports","Taesan 2","South Korea","Tanker-VLCC",331877,9926738,46229,46231,"KRTSN  NR A-11","VL BREEZE","IMO 9926738",338650,46240,"Taesan","Krtsn Nr A-11",5,1197037,0.00969172310409543,0.433881615027073
"Imports","Mumbai 4","India","Tanker-Suezmax",159015,9941867,46230,46231,"Jawahar Dweep_deleted","BREST","IMO 9941867",162260,NA,"Mumbai","Jawahar Dweep Deleted",12,1717300,0.0139039946857642,0.315863661248006
"Exports","Muscat 1","Oman","Tanker-VLCC",326475,9422158,46228,46231,"Ulsan","C. MIGHTY","IMO 9422158",333138,NA,"Muscat","Ulsan",8,2453421,0.0198639448820487,0.0994153108315211
"Imports","Dongjiakou","China","Tanker-Aframax",115577,9487184,46230,46231,"DJK","YU FU ZUO","IMO 9487184",117936,46233,"Dongjiakou","Djk",6,1550627,0.0125545388502897,0.368220382679744
"Imports","Europoort 15","Netherlands","Tanker-LR2",122098,9982691,46230,46231,"Arzew","SFL TIGRIS","IMO 9982691",124590,46236,"Europoort","Arzew",25,3721971,0.0301346677951251,0.0301346677951251
"Exports","Corpus Christi 5","United States of America","Tanker-LR2",122381,9997971,46228,46230,"Wilhelmshaven","SEADANCER","IMO 9997971",124879,NA,"Corpus Christi","Wilhelmshaven",15,2220931,0.0179816064877709,0.19205616277906
"Imports","Yeosu 3","South Korea","Tanker-LR2",123157,9845996,46229,46230,"Vancouver (Canada)","YUAN HE WAN","IMO 9845996",125670,NA,"Yeosu","Vancouver",7,2054393,0.0166332436699884,0.225916085857981
"Exports","George Town","Guyana","Tanker-Suezmax",170262,9302592,46225,46230,"GUYANA","ARCHANGEL","IMO 9302592",173737,46244,"George Town","Guyana",12,2127689,0.017226679408932,0.209282842187992
"Imports","Kawasaki S","Japan","Tanker-Aframax",121177,9592238,46230,46230,"Tokyo","AQUALEADER","IMO 9592238",123650,46231,"Kawasaki","Tokyo",6,1778704,0.0144011477106781,0.287747619008718
"Imports","Europoort 11","Netherlands","Tanker-LR2",122098,9982691,46227,46230,"Rotterdam","SFL TIGRIS","IMO 9982691",124590,NA,"Europoort","Rotterdam",25,3721971,0.0301346677951251,0.0301346677951251
"Exports","Gebig","Brazil","Tanker-Suezmax",164091,9449405,46228,46230,"Angra dos Reis","MARE PICENUM","IMO 9449405",167440,46242,"Gebig","Angra Dos Reis",10,2274339,0.0184140204796053,0.155707624633144
"Imports","Universal 2","Singapore","Tanker-VLCC",325356,9727223,46227,46230,"Singapore","BANGLADESH PROSPERITY","IMO 9727223",331996,46243,"Universal","Singapore",8,1159542,0.00938814756065938,0.452770256174281
"Imports","Kawasaki 1","Japan","Tanker-VLCC",345034,9787792,46229,46230,"Singapore","BRIGHT CREST","IMO 9787792",352076,NA,"Kawasaki","Singapore",6,1778704,0.0144011477106781,0.287747619008718
"Imports","Jamnagar Terminal 2","India","Tanker-VLCC",332069,9602916,46229,46230,"Fujairah","SEAKING","IMO 9602916",338846,46235,"Jamnagar Terminal","Fujairah",17,3243791,0.0262631181655678,0.056397785960693
"Imports","Ulsan","South Korea","Tanker-VLCC",319186,9762998,46229,46230,"Dalian","ADVANTAGE VERITY","IMO 9762998",325700,46233,"Ulsan","Dalian",7,2268523,0.0183669316581458,0.17407455629129
"Exports","Gebig","Brazil","Tanker-Suezmax",167576,9453858,46226,46230,"Sines","MARCILIO DIAS","IMO 9453858",170996,NA,"Gebig","Sines",10,2274339,0.0184140204796053,0.155707624633144
"Imports","Jamnagar Terminal 2","India","Tanker-LR2",123679,9408554,46229,46230,"Sikka","XING YUAN","IMO 9408554",126203,46240,"Jamnagar Terminal","Sikka",17,3243791,0.0262631181655678,0.056397785960693
"Imports","Paradip VLCC","India","Tanker-Suezmax",172596,9316127,46230,46230,"INPPT","DISCOVERY","IMO 9316127",176118,46245,"Paradip Vlcc","Inppt",6,1173418,0.00950049358654867,0.443382108613621
"Exports","CPC Ceyhan","Turkey","Tanker-Aframax",117234,9773765,46229,46230,"ROMID","SEACHARM","IMO 9773765",119627,46236,"Ceyhan","Romid",9,1144802,0.00926880622154091,0.462039062395822
"Imports","Zhoushan 1","China","Tanker-VLCC",325546,9681209,46228,46230,"CNDAG","YUAN CHUN HU","IMO 9681209",332190,46232,"Zhoushan","Cndag",7,1842371,0.0149166229506819,0.27334647129804
"Imports","Mumbai 2","India","Tanker-LR1",78694,9414826,46229,46230,"NMGL","SWARNA GODAVARI","IMO 9414826",80300,46234,"Mumbai","Nmgl",12,1717300,0.0139039946857642,0.315863661248006
"Imports","Europoort 15","Netherlands","Tanker-Aframax",117233,9843211,46228,46230,"Gothenburg","SEAVELVET","IMO 9843211",119626,NA,"Europoort","Gothenburg",25,3721971,0.0301346677951251,0.0301346677951251
"Exports","Westridge_Alberta","Canada","Tanker-LR2",120780,9893096,46228,46229,"Vancouver (CA)","PACIFIC OPAL","IMO 9893096",123245,46248,"Westridge Alberta","Vancouver",14,1601455,0.0129660640595647,0.355665843829454
"Imports","Europoort 8","Netherlands","Tanker-Suezmax",169357,9996410,46227,46229,"Georgetown (GY)","IPANEMA","IMO 9996410",172813,NA,"Europoort","Georgetown",25,3721971,0.0301346677951251,0.0301346677951251
"Imports","Zhoushan 7","China","Tanker-VLCC",333772,9384198,46226,46229,"Singapore","MANIFA","IMO 9384198",340584,NA,"Zhoushan","Singapore",7,1842371,0.0149166229506819,0.27334647129804
"Imports","Ningbo 3","China","Tanker-VLCC",334169,9378541,46227,46229,"CNNBO","JAHAM","IMO 9378541",340989,46237,"Ningbo","Cnnbo",7,1532763,0.0124099042721341,0.380630286951878
"Imports","Jamnagar Terminal 2","India","Tanker-Aframax",96393,9380673,46228,46229,"Sikka","CENTURION","IMO 9380673",98360,46239,"Jamnagar Terminal","Sikka",17,3243791,0.0262631181655678,0.056397785960693
"Imports","Gwangyang 2","South Korea","Tanker-VLCC",318108,9522178,46228,46229,"Yosu","DS VISION","IMO 9522178",324600,NA,"Gwangyang","Yosu",7,2041843,0.0165316335067634,0.242447719364744
"Imports","Oiltanking Helios 4","Singapore","Tanker-VLCC",323585,9343390,46228,46229,"Singapore","TENJUN","IMO 9343390",330189,NA,"Oiltanking Helios","Singapore",7,1973973,0.0159821289826134,0.258429848347358
"Imports","Punto Franco 1","Italy","Tanker-Aframax",96726,9460576,46228,46229,"Ceyhan","SAFEEN BARONESS","IMO 9460576",98700,NA,"Punto Franco","Ceyhan",18,2401607,0.0194444365954079,0.118859747426929
"Imports","Taesan 2","South Korea","Tanker-VLCC",321763,9771341,46225,46229,"Singapore","FRONT DUCHESS","IMO 9771341",328330,NA,"Taesan","Singapore",5,1197037,0.00969172310409543,0.433881615027073
"Exports","Fujairah 15","United Arab Emirates","Tanker-LR2",112602,9460136,46228,46229,"AE FUJ - PK KHI","P. ALIKI","IMO 9460136",114900,NA,"Fujairah","Ae Fuj - Pk Khi",12,2859728,0.0231535799887795,0.0795513659494724
"Imports","Maasvlakte","Netherlands","Tanker-VLCC",332794,9339973,46227,46229,"Rotterdam","UNION PEACE","IMO 9339973",339586,NA,"Maasvlakte","Rotterdam",7,1755348,0.014212047553524,0.301959666562242
"Imports","Yeosu 3","South Korea","Tanker-VLCC",322343,9794824,46227,46229,"Yosu","UNIVERSAL GLORY","IMO 9794824",328921,46250,"Yeosu","Yosu",7,2054393,0.0166332436699884,0.225916085857981
"Imports","Kagoshima 5","Japan","Tanker-VLCC",328986,9814131,46227,46229,"Kashima","ENEOS EARTH","IMO 9814131",335700,NA,"Kagoshima","Kashima",5,1464429,0.0118566430056944,0.392486929957572
"Exports","Muscat 2","Oman","Tanker-Suezmax",163917,9330874,46227,46229,"Cochin","ASTRA MARIS","IMO 9330874",167262,NA,"Muscat","Cochin",8,2453421,0.0198639448820487,0.0994153108315211
"Imports","Jamnagar Terminal 2","India","Tanker-VLCC",319249,9734109,46227,46229,"Port Louis","PHOENIX VANTAGE","IMO 9734109",325764,NA,"Jamnagar Terminal","Port Louis",17,3243791,0.0262631181655678,0.056397785960693
"Imports","Mumbai 4","India","Tanker-VLCC",317488,9230969,46228,46229,"Galle","LA BALENA","IMO 9230969",323967,NA,"Mumbai","Galle",12,1717300,0.0139039946857642,0.315863661248006
"Imports","Qingdao 4","China","Tanker-Aframax",115577,9487184,46227,46229,"DJK","YU FU ZUO","IMO 9487184",117936,NA,"Qingdao","Djk",6,1321542,0.0106997687911338,0.403186698748706
"Exports","Westridge_Alberta","Canada","Tanker-LR2",115578,9397755,46228,46229,"Ningbo","YANG NING HU","IMO 9397755",117937,NA,"Westridge Alberta","Ningbo",14,1601455,0.0129660640595647,0.355665843829454
"Exports","Mongstad 1","Norway","Tanker-Aframax",122282,9737395,46228,46229,"Rostock","STAVANGER TS","IMO 9737395",124778,NA,"Mongstad","Rostock",9,1111076,0.00899574611278176,0.48025049407031
"Exports","Es Sider","Libya","Tanker-LR2",131429,9923437,46228,46229,"ITPFX _ LYESI","PROTEUS BOHEMIA","IMO 9923437",134111,46233,"Es Sider","Itpfx Lyesi",8,1017362,0.00823699752023433,0.488487491590544
"Imports","Zhoushan 6","China","Tanker-Panamax",76373,9297448,46227,46229,"Shanghai","XIN TONG ZHOU","IMO 9297448",77932,46230,"Zhoushan","Shanghai",7,1842371,0.0149166229506819,0.27334647129804
"Imports","Universal 3","Singapore","Tanker-LR1",77237,9290957,46227,46229,"Tanjung Pelepas","CHRONOSTAR","IMO 9290957",78813,46229,"Universal","Tanjung Pelepas",8,1159542,0.00938814756065938,0.452770256174281
"Imports","Punto Franco 1","Italy","Tanker-LR2",121275,9795115,46228,46229,"Marsaxlokk","EAGLE LYON","IMO 9795115",123750,46252,"Punto Franco","Marsaxlokk",18,2401607,0.0194444365954079,0.118859747426929
"Exports","Acu Superport","Brazil","Tanker-Suezmax",159104,9682980,46227,46229,"NLRTM __ BRACX","ELISABETH MAERSK","IMO 9682980",162351,46258,"Acu","Nlrtm Bracx",6,1294661,0.0104821287275759,0.424189891922977
"Exports","George Town","Guyana","Tanker-Suezmax",165203,9785823,46226,46228,"Brofjorden","MONTE UDALA","IMO 9785823",168574,NA,"George Town","Brofjorden",12,2127689,0.017226679408932,0.209282842187992
"Imports","Qingdao 5","China","Tanker-VLCC",327810,9416654,46226,46228,"Zhoushan","XIN SHEN YANG","IMO 9416654",334500,NA,"Qingdao","Zhoushan",6,1321542,0.0106997687911338,0.403186698748706
"Imports","Europoort 7","Netherlands","Tanker-Suezmax",161207,9895226,46227,46228,"Rotterdam","NISSOS ANTIMILOS","IMO 9895226",164497,46227,"Europoort","Rotterdam",25,3721971,0.0301346677951251,0.0301346677951251
"Imports","Dongjiakou","China","Tanker-LR2",123687,9408530,46227,46228,"CNDJK","EVITA","IMO 9408530",126211,46233,"Dongjiakou","Cndjk",6,1550627,0.0125545388502897,0.368220382679744
"Imports","Mumbai 3","India","Tanker-LR1",78694,9414838,46222,46228,"NEW MANGLORE","SWARNA KRISHNA","IMO 9414838",80300,46239,"Mumbai","New Manglore",12,1717300,0.0139039946857642,0.315863661248006
"Exports","Mongstad 1","Norway","Tanker-Aframax",117208,9823041,46227,46228,"Rotterdam","ALFA FINLANDIA","IMO 9823041",119600,NA,"Mongstad","Rotterdam",9,1111076,0.00899574611278176,0.48025049407031
"Imports","Punto Franco 1","Italy","Tanker-Suezmax",162680,1020411,46227,46228,"Trieste","MINERVA KALLIRROI","IMO 1020411",166000,46231,"Punto Franco","Trieste",18,2401607,0.0194444365954079,0.118859747426929
"Exports","Fujairah 6","United Arab Emirates","Tanker-VLCC",318108,9434620,46226,46228,"TG BARUS","NEW RESOURCE","IMO 9434620",324600,46238,"Fujairah","Tg Barus",12,2859728,0.0231535799887795,0.0795513659494724
"Exports","Muscat 1","Oman","Tanker-VLCC",334874,9683673,46226,46228,"CNDLN","VL BRILLIANT","IMO 9683673",341708,NA,"Muscat","Cndln",8,2453421,0.0198639448820487,0.0994153108315211
"Imports","Punto Franco 1","Italy","Tanker-Aframax",121170,9356438,46226,46228,"As Sidr","ALYARMOUK","IMO 9356438",123643,NA,"Punto Franco","As Sidr",18,2401607,0.0194444365954079,0.118859747426929
"Exports","Mongstad 2","Norway","Tanker-Aframax",111446,9752797,46227,46228,"Rotterdam","ALFA ALANDIA","IMO 9752797",113720,NA,"Mongstad","Rotterdam",9,1111076,0.00899574611278176,0.48025049407031
"Imports","Mumbai 4","India","Tanker-Suezmax",159103,9682992,46225,46228,"Port Louis","EVA MAERSK","IMO 9682992",162350,NA,"Mumbai","Port Louis",12,1717300,0.0139039946857642,0.315863661248006
"Imports","Qingdao 3","China","Tanker-VLCC",324954,9202716,46225,46228,"FOR ORDER","S MILLENNIUM","IMO 9202716",331586,NA,"Qingdao","For Order",6,1321542,0.0106997687911338,0.403186698748706
"Imports","Jamnagar Terminal 2","India","Tanker-VLCC",315722,9929663,46225,46228,"Sikka","C. GENUINE","IMO 9929663",322165,46205,"Jamnagar Terminal","Sikka",17,3243791,0.0262631181655678,0.056397785960693
"Imports","Universal 1","Singapore","Tanker-LR1",79107,9308091,46227,46228,"SGSING_IDBAL","CONSTELLATION","IMO 9308091",80721,46231,"Universal","Sgsing Idbal",8,1159542,0.00938814756065938,0.452770256174281
"Imports","Jamnagar Terminal 2","India","Tanker-Suezmax",164016,9438406,46227,46228,"Sikka","MIGJORN","IMO 9438406",167363,46238,"Jamnagar Terminal","Sikka",17,3243791,0.0262631181655678,0.056397785960693
"Imports","Paradip VLCC","India","Tanker-Suezmax",164150,9905344,46227,46228,"Fujairah","OCEANIA","IMO 9905344",167500,46232,"Paradip Vlcc","Fujairah",6,1173418,0.00950049358654867,0.443382108613621
"Imports","Dalian 4","China","Tanker-LR1",76459,9295062,46226,46228,"Tianjin","GUANG XING ZHOU","IMO 9295062",78019,NA,"Dalian","Tianjin",10,1603662,0.0129839328747231,0.342699779769889
"Exports","George Town","Guyana","Tanker-Suezmax",165257,9590307,46225,46228,"Chiriqui Grande","RED MOON","IMO 9590307",168630,NA,"George Town","Chiriqui Grande",12,2127689,0.017226679408932,0.209282842187992
"Imports","Ulsan","South Korea","Tanker-VLCC",326475,9404924,46225,46227,"Yosu","C. GALAXY","IMO 9404924",333138,46244,"Ulsan","Yosu",7,2268523,0.0183669316581458,0.17407455629129
"Imports","Dongjiakou","China","Tanker-VLCC",327759,9259331,46226,46227,"FOR ORDER","EURODESTINY","IMO 9259331",334448,46176,"Dongjiakou","For Order",6,1550627,0.0125545388502897,0.368220382679744
"Imports","Gwangyang 2","South Korea","Tanker-VLCC",322343,9794824,46225,46227,"Yosu","UNIVERSAL GLORY","IMO 9794824",328921,NA,"Gwangyang","Yosu",7,2041843,0.0165316335067634,0.242447719364744
"Imports","Kawasaki 1","Japan","Tanker-VLCC",318673,9874911,46225,46227,"JPSAK","FRONT DYNAMIC","IMO 9874911",325177,NA,"Kawasaki","Jpsak",6,1778704,0.0144011477106781,0.287747619008718
"Imports","Huizhou 4","China","Tanker-Panamax",69673,9846029,46226,46227,"XIN LIUHUA","YUAN AN HU","IMO 9846029",71095,46228,"Huizhou","Xin Liuhua",12,1710901,0.0138521856471604,0.329715846895166
"Imports","Gwangyang 2","South Korea","Tanker-LR2",123157,9845996,46227,46227,"Anchorage","YUAN HE WAN","IMO 9845996",125670,NA,"Gwangyang","Anchorage",7,2041843,0.0165316335067634,0.242447719364744
"Exports","Westridge_Alberta","Canada","Tanker-LR2",120766,9838242,46225,46227,"Martinez Shell Oil Terminal","PIS KERINCI","IMO 9838242",123231,NA,"Westridge Alberta","Martinez Shell Oil Terminal",14,1601455,0.0129660640595647,0.355665843829454
"Imports","Yeosu 3","South Korea","Tanker-VLCC",321041,9759824,46226,46227,"Singapore","AGIOS FANOURIOS I","IMO 9759824",327593,46235,"Yeosu","Singapore",7,2054393,0.0166332436699884,0.225916085857981
"Imports","Oiltanking Helios 4","Singapore","Tanker-Suezmax",167157,9579547,46225,46227,"Singapore","ALMI EXPLORER","IMO 9579547",170568,46248,"Oiltanking Helios","Singapore",7,1973973,0.0159821289826134,0.258429848347358
"Exports","Es Sider","Libya","Tanker-LR2",112602,9469687,46226,46227,"As Sidr","YASA AQUALINA","IMO 9469687",114900,46228,"Es Sider","As Sidr",8,1017362,0.00823699752023433,0.488487491590544
"Imports","Universal 2","Singapore","Tanker-Aframax",115604,9290294,46225,46227,"Singapore","AL HABIBAH","IMO 9290294",117963,46226,"Universal","Singapore",8,1159542,0.00938814756065938,0.452770256174281
"Imports","Zhoushan 1","China","Tanker-VLCC",325546,9681211,46225,46227,"Tianjin","YUAN YUE HU","IMO 9681211",332190,NA,"Zhoushan","Tianjin",7,1842371,0.0149166229506819,0.27334647129804
"Imports","Dalian 11","China","Tanker-VLCC",329090,9534016,46225,46227,"Zhoushan","MARAN LYNX","IMO 9534016",335806,NA,"Dalian","Zhoushan",10,1603662,0.0129839328747231,0.342699779769889
"Imports","Punto Franco 1","Italy","Tanker-Suezmax",160381,9793753,46225,46227,"Trieste","FOLEGANDROS","IMO 9793753",163654,46221,"Punto Franco","Trieste",18,2401607,0.0194444365954079,0.118859747426929
"Exports","Westridge_Alberta","Canada","Tanker-LR2",127123,9893113,46225,46227,"Los Angeles - Long Beach_mini","PACIFIC CORAL","IMO 9893113",129717,46233,"Westridge Alberta","Los Angeles - Long Beach Mini",14,1601455,0.0129660640595647,0.355665843829454
"Exports","CPC Ceyhan","Turkey","Tanker-Suezmax",165197,9779379,46225,46227,"Botas (Ceyhan) Oil Terminal","MARAN HERMIONE","IMO 9779379",168568,46229,"Ceyhan","Botas Oil Terminal",9,1144802,0.00926880622154091,0.462039062395822
"Imports","Europoort 13","Netherlands","Tanker-LR2",118242,9798014,46226,46227,"Houston","TORM HILDE","IMO 9798014",120655,NA,"Europoort","Houston",25,3721971,0.0301346677951251,0.0301346677951251
"Exports","Corpus Christi 9","United States of America","Tanker-Aframax",119843,9886720,46225,46226,"Mongstad","SEA URCHIN","IMO 9886720",122289,NA,"Corpus Christi","Mongstad",15,2220931,0.0179816064877709,0.19205616277906
"Imports","Europoort 8","Netherlands","Tanker-Suezmax",164203,9406013,46224,46226,"COCVE_NLRTM","CAPE BENAT","IMO 9406013",167554,46231,"Europoort","Cocve Nlrtm",25,3721971,0.0301346677951251,0.0301346677951251
"Exports","Corpus Christi 10","United States of America","Tanker-LR2",123162,9783423,46224,46226,"Rotterdam","RONG LIN WAN","IMO 9783423",125675,46248,"Corpus Christi","Rotterdam",15,2220931,0.0179816064877709,0.19205616277906
"Exports","Westridge_Alberta","Canada","Tanker-Aframax",122901,9952074,46224,46226,"US LGB (LONG BEACH)","ESTEEM COWBOY","IMO 9952074",125409,NA,"Westridge Alberta","Us Lgb",14,1601455,0.0129660640595647,0.355665843829454
"Imports","Punto Franco 1","Italy","Tanker-Aframax",121314,9953901,46225,46226,"Mellitah","NEW ALLIANCE","IMO 9953901",123790,46230,"Punto Franco","Mellitah",18,2401607,0.0194444365954079,0.118859747426929
"Exports","Muscat 1","Oman","Tanker-VLCC",321763,9731157,46223,46226,"OM  RMK","OLYMPIC LUNA","IMO 9731157",328330,46232,"Muscat","Om Rmk",8,2453421,0.0198639448820487,0.0994153108315211
"Imports/Exports","Corpus Christi 1","United States of America","Tanker-Suezmax",163885,9877171,46224,46226,"Madre de Deus","SPYROS","IMO 9877171",167230,NA,"Corpus Christi","Madre De Deus",15,2220931,0.0179816064877709,0.19205616277906
"Imports","Dalian W","China","Tanker-LR2",115563,9283265,46226,46226,"Changxingdao","YANG LIN WAN","IMO 9283265",117921,NA,"Dalian","Changxingdao",10,1603662,0.0129839328747231,0.342699779769889
"Exports","Acu Superport","Brazil","Tanker-Suezmax",161525,9831854,46223,46226,"Trieste","FRONT SEOUL","IMO 9831854",164821,46205,"Acu","Trieste",6,1294661,0.0104821287275759,0.424189891922977
"Imports","Jamnagar Terminal 1","India","Tanker-LR1",73768,9270488,46224,46226,"Suez","MOONI","IMO 9270488",75273,NA,"Jamnagar Terminal","Suez",17,3243791,0.0262631181655678,0.056397785960693
"Exports","Gebig","Brazil","Tanker-Suezmax",164049,9416733,46224,46226,"Rotterdam","FRATERNITY","IMO 9416733",167397,NA,"Gebig","Rotterdam",10,2274339,0.0184140204796053,0.155707624633144
"Imports","Huizhou 3","China","Tanker-Panamax",69673,9846029,46226,46226,"Hui Zhou","YUAN AN HU","IMO 9846029",71095,NA,"Huizhou","Hui Zhou",12,1710901,0.0138521856471604,0.329715846895166
"Imports","Qingdao 4","China","Tanker-Aframax",115577,9487172,46225,46226,"DONG JIA KOU","YONG DING HE","IMO 9487172",117936,46227,"Qingdao","Dong Jia Kou",6,1321542,0.0106997687911338,0.403186698748706
"Exports","Corpus Christi 2","United States of America","Tanker-LR2",140577,9892987,46225,46226,"LTBOT","ATLANTIC JADE","IMO 9892987",143446,NA,"Corpus Christi","Ltbot",15,2220931,0.0179816064877709,0.19205616277906
"Imports","Tianjin oil","China","Tanker-VLCC",325546,9727194,46223,46226,"Charco Azul","COSWISDOM LAKE","IMO 9727194",332190,NA,"Tianjin Oil","Charco Azul",5,1138241,0.00921568556170669,0.471254747957528
"Imports","Ningbo 3","China","Tanker-Panamax",78699,9312614,46224,46226,"QHD326","FENG HUANG ZUO","IMO 9312614",80305,46228,"Ningbo","Qhd326",7,1532763,0.0124099042721341,0.380630286951878
"Imports","Europoort 13","Netherlands","Tanker-Aframax",121310,9938030,46225,46226,"Rotterdam","STRYMON","IMO 9938030",123786,46229,"Europoort","Rotterdam",25,3721971,0.0301346677951251,0.0301346677951251
"Imports","Jamnagar Terminal 2","India","Tanker-LR2",120247,9388728,46225,46226,"Sikka","BYZANTIUM","IMO 9388728",122701,46236,"Jamnagar Terminal","Sikka",17,3243791,0.0262631181655678,0.056397785960693
"Imports","Maasvlakte","Netherlands","Tanker-Suezmax",163856,1035545,46225,46226,"Rotterdam","NISSOS PIPERI","IMO 1035545",167200,46210,"Maasvlakte","Rotterdam",7,1755348,0.014212047553524,0.301959666562242
"Imports","Paradip VLCC","India","Tanker-Suezmax",169834,9633446,46225,46226,"Chennai","NOVO","IMO 9633446",173300,46232,"Paradip Vlcc","Chennai",6,1173418,0.00950049358654867,0.443382108613621
"Exports","Fujairah 5","United Arab Emirates","Tanker-VLCC",330248,9595618,46225,46226,"Visakhapatnam","C. INNOVATOR","IMO 9595618",336988,NA,"Fujairah","Visakhapatnam",12,2859728,0.0231535799887795,0.0795513659494724
"Imports","Dalian 4","China","Tanker-Panamax",77164,1086714,46225,46226,"Panjin","YU NENG KUN PENG","IMO 1086714",78739,46227,"Dalian","Panjin",10,1603662,0.0129839328747231,0.342699779769889
"Imports","Ulsan S","South Korea","Tanker-VLCC",315722,9915569,46225,46226,"Singapore","GRAND BONANZA","IMO 9915569",322165,46236,"Ulsan","Singapore",7,2268523,0.0183669316581458,0.17407455629129
"Exports","Gebig","Brazil","Tanker-Suezmax",163862,9594822,46225,46226,"Gdansk","EAGLE SAN ANTONIO","IMO 9594822",167206,46221,"Gebig","Gdansk",10,2274339,0.0184140204796053,0.155707624633144
"Exports","Fujairah 6","United Arab Emirates","Tanker-Suezmax",164199,9493779,46225,46226,"Sohar","SMYRNI","IMO 9493779",167550,46238,"Fujairah","Sohar",12,2859728,0.0231535799887795,0.0795513659494724
"Exports","Mongstad 1","Norway","Tanker-Suezmax",160720,9889942,46225,46226,"Gdansk","KANARIS 21","IMO 9889942",164000,NA,"Mongstad","Gdansk",9,1111076,0.00899574611278176,0.48025049407031
"Exports","Basra Oil Terminal SPM 3","Iraq","Tanker-VLCC",334693,9389899,46223,46226,"SAUDI OPL","BRUNEI PROSPERITY","IMO 9389899",341523,NA,"Basra","Saudi Opl",4,1299470,0.0105210644466954,0.413707763195401
"Exports","Fujairah 15","United Arab Emirates","Tanker-VLCC",330367,9452672,46224,46225,"MINA AL FAHAL OMAN","MESDAR","IMO 9452672",337109,NA,"Fujairah","Mina Al Fahal Oman",12,2859728,0.0231535799887795,0.0795513659494724
"Imports","Huizhou 4","China","Tanker-Aframax",111384,9435296,46224,46225,"EN PING TMNL","BEI HAI WEI WANG","IMO 9435296",113657,46229,"Huizhou","En Ping Tmnl",12,1710901,0.0138521856471604,0.329715846895166
"Imports","Richmond 1","United States of America","Tanker-Suezmax",158472,9244063,46225,46225,"MRZ3","POLAR ADVENTURE","IMO 9244063",161706,NA,"Richmond","Mrz3",7,1014867,0.00821679693399955,0.496704288524544
"Imports","Maasvlakte","Netherlands","Tanker-VLCC",322133,9709087,46223,46225,"Rotterdam","VIETNAM PROSPERITY","IMO 9709087",328707,46246,"Maasvlakte","Rotterdam",7,1755348,0.014212047553524,0.301959666562242
"Imports","Maasvlakte","Netherlands","Tanker-VLCC",315723,9933561,46223,46225,"Rotterdam","ADVANTAGE VITAL","IMO 9933561",322166,46226,"Maasvlakte","Rotterdam",7,1755348,0.014212047553524,0.301959666562242
"Imports","Taesan 2","South Korea","Tanker-VLCC",318817,9837614,46224,46225,"Daesan-Seosan","UNIVERSAL PARTNER","IMO 9837614",325323,46223,"Taesan","Daesan-Seosan",5,1197037,0.00969172310409543,0.433881615027073
"Imports","Universal 2","Singapore","Tanker-LR2",116309,9614062,46224,46225,"Singapore","AN XING ZUO","IMO 9614062",118683,46227,"Universal","Singapore",8,1159542,0.00938814756065938,0.452770256174281
"Imports","Richmond 1","United States of America","Tanker-LR2",122500,1084455,46224,46225,"Esmeraldas","FRONTIER VENTURE","IMO 1084455",125000,46220,"Richmond","Esmeraldas",7,1014867,0.00821679693399955,0.496704288524544
"Exports","George Town","Guyana","Tanker-Suezmax",161887,9817626,46219,46225,"Brofjorden","PRIMEWAY","IMO 9817626",165191,NA,"George Town","Brofjorden",12,2127689,0.017226679408932,0.209282842187992
"Imports","Mumbai 4","India","Tanker-Suezmax",164150,9905320,46222,46225,"INMUM","AFRICA","IMO 9905320",167500,46230,"Mumbai","Inmum",12,1717300,0.0139039946857642,0.315863661248006
"Imports","Chiba 12","Japan","Tanker-VLCC",324302,9900655,46224,46225,"HK CN","NEW ERA","IMO 9900655",330920,46231,"Chiba","Hk Cn",7,2276789,0.0184338567266094,0.137293604153538
"Imports","Yeosu 3","South Korea","Tanker-VLCC",332403,9834430,46224,46225,"Singapore","SAN RAMON VOYAGER","IMO 9834430",339187,46276,"Yeosu","Singapore",7,2054393,0.0166332436699884,0.225916085857981
"Imports","Europoort 13","Netherlands","Tanker-Aframax",122985,9802164,46223,46225,"Rotterdam","SEA PANTHER","IMO 9802164",125495,46234,"Europoort","Rotterdam",25,3721971,0.0301346677951251,0.0301346677951251
"Imports","Dalian 10","China","Tanker-VLCC",328739,9593191,46224,46225,"Singapore","MARAN CLEO","IMO 9593191",335448,46235,"Dalian","Singapore",10,1603662,0.0129839328747231,0.342699779769889
"Imports","Europoort 2","Netherlands","Tanker-Suezmax",166300,9533995,46223,46225,"FOR ORERS","NGM RUBY","IMO 9533995",169694,46226,"Europoort","For Orers",25,3721971,0.0301346677951251,0.0301346677951251
"Exports","Westridge_Alberta","Canada","Tanker-LR1",76689,9761944,46224,46225,"Vancouver (CA)","SUNRAY","IMO 9761944",78254,NA,"Westridge Alberta","Vancouver",14,1601455,0.0129660640595647,0.355665843829454
"Imports","Dalian 4","China","Tanker-Panamax",78791,9344837,46223,46225,"PAN JIN","LIAN SHENG HU","IMO 9344837",80399,46226,"Dalian","Pan Jin",10,1603662,0.0129839328747231,0.342699779769889
"Exports","Corpus Christi 5","United States of America","Tanker-Aframax",121177,9592240,46224,46225,"Houston Bayport","AQUALEGEND","IMO 9592240",123650,46229,"Corpus Christi","Houston Bayport",15,2220931,0.0179816064877709,0.19205616277906
"Imports","Mumbai 3","India","Tanker-Aframax",122032,9243021,46223,46225,"Vadinar","DESH RAKSHAK","IMO 9243021",124522,46236,"Mumbai","Vadinar",12,1717300,0.0139039946857642,0.315863661248006
"Imports","Ulsan","South Korea","Tanker-VLCC",324282,1100716,46224,46225,"Incheon","EMPIRE HOPE","IMO 1100716",330900,46227,"Ulsan","Incheon",7,2268523,0.0183669316581458,0.17407455629129
"Exports","Corpus Christi 6","United States of America","Tanker-Suezmax",202605,9244661,46223,46225,"USIGS","ALASKAN EXPLORER","IMO 9244661",206740,NA,"Corpus Christi","Usigs",15,2220931,0.0179816064877709,0.19205616277906
"Exports","Gebig","Brazil","Tanker-Suezmax",167576,9453846,46222,46225,"Madre de Deus","ANDRE REBOUCAS","IMO 9453846",170996,NA,"Gebig","Madre De Deus",10,2274339,0.0184140204796053,0.155707624633144
"Imports","Oiltanking Helios 3","Singapore","Tanker-VLCC",317314,9535797,46220,46224,"Singapore","NEW PEACE","IMO 9535797",323790,46238,"Oiltanking Helios","Singapore",7,1973973,0.0159821289826134,0.258429848347358
"Imports","Jamnagar Terminal 2","India","Tanker-Aframax",118644,9370850,46223,46224,"Sikka","SYROS WARRIOR","IMO 9370850",121065,46227,"Jamnagar Terminal","Sikka",17,3243791,0.0262631181655678,0.056397785960693
"Imports","Huizhou 4","China","Tanker-Panamax",78790,9303699,46223,46224,"Hui Zhou","JIN NIU ZUO","IMO 9303699",80398,46224,"Huizhou","Hui Zhou",12,1710901,0.0138521856471604,0.329715846895166
"Imports","Dalian 4","China","Tanker-LR2",115563,9283265,46222,46224,"Changxingdao","YANG LIN WAN","IMO 9283265",117921,NA,"Dalian","Changxingdao",10,1603662,0.0129839328747231,0.342699779769889
"Imports","Ulsan","South Korea","Tanker-VLCC",332717,9605190,46223,46224,"Yosu","C. INFINITY","IMO 9605190",339507,NA,"Ulsan","Yosu",7,2268523,0.0183669316581458,0.17407455629129
"Imports","Kagoshima 5","Japan","Tanker-Aframax",136497,9617038,46222,46224,"Yokohama","TOKYO MARU","IMO 9617038",139283,NA,"Kagoshima","Yokohama",5,1464429,0.0118566430056944,0.392486929957572
"Imports","Jamnagar Terminal 2","India","Tanker-Aframax",121402,9547702,46223,46224,"Colombo","GARRINCHA","IMO 9547702",123880,46252,"Jamnagar Terminal","Colombo",17,3243791,0.0262631181655678,0.056397785960693
"Imports","Gwangyang 2","South Korea","Tanker-VLCC",321041,9759824,46223,46224,"Yosu","AGIOS FANOURIOS I","IMO 9759824",327593,NA,"Gwangyang","Yosu",7,2041843,0.0165316335067634,0.242447719364744
"Imports","Richmond 1","United States of America","Tanker-Aframax",122154,9394959,46221,46224,"Los Angeles - Long Beach_mini","SEAWAYS YOSEMITE","IMO 9394959",124647,46257,"Richmond","Los Angeles - Long Beach Mini",7,1014867,0.00821679693399955,0.496704288524544
"Imports","Chiba 12","Japan","Tanker-VLCC",320507,9928657,46223,46224,"Singapore","HELLAS PALIROS","IMO 9928657",327048,46234,"Chiba","Singapore",7,2276789,0.0184338567266094,0.137293604153538
"Exports","Basra Oil Terminal SPM 1","Iraq","Tanker-VLCC",318216,9327114,46221,46224,"Basrah","BAHAMAS PROSPERITY","IMO 9327114",324710,46221,"Basra","Basrah",4,1299470,0.0105210644466954,0.413707763195401
"Exports","Fujairah 5","United Arab Emirates","Tanker-VLCC",334102,9603207,46222,46224,"Dalian","HE AN HAI","IMO 9603207",340920,NA,"Fujairah","Dalian",12,2859728,0.0231535799887795,0.0795513659494724
"Exports","George Town","Guyana","Tanker-Suezmax",164616,9412098,46221,46224,"FOR ORDER","PHAETHON","IMO 9412098",167975,NA,"George Town","For Order",12,2127689,0.017226679408932,0.209282842187992
"Exports","Westridge_Alberta","Canada","Tanker-LR2",122187,9829100,46222,46224,"Vancouver (CA)","TYRRHENIAN SEA","IMO 9829100",124681,46241,"Westridge Alberta","Vancouver",14,1601455,0.0129660640595647,0.355665843829454
